{
  "T1_mean_us": 159.3062622075662,
  "T1_median_us": 147.7705814108362,
  "T2_mean_us": 154.95962192573467,
  "T2_median_us": 161.94829479053143,
  "sx_error_mean": 0.008484329313536189,
  "sx_error_median": 0.000323981815017499,
  "2q_error_mean": 0.032538265596485254,
  "2q_error_median": 0.0024685455494417446,
  "meas_error_mean": 0.04486588786419173,
  "backend": "ibm_torino",
  "num_qubits": 133
}